-- Clear existing data
DELETE FROM tuition_fees;
DELETE FROM university_images;
DELETE FROM university_departments;
DELETE FROM campus_facilities;
DELETE FROM review_pros;
DELETE FROM review_cons;
DELETE FROM reviews;
DELETE FROM universities;

-- Insert sample universities
INSERT INTO universities (id, name, name_korean, location, established, type, website, description, ranking, student_count, faculty_count, has_international_programs, admission_requirements, average_rating, is_active, created_at)
VALUES
(1, 'Seoul National University', '서울대학교', 'Seoul', 1946, 'Public', 'https://www.snu.ac.kr', 'Seoul National University is the top university in South Korea, known for its rigorous academics and research contributions.', 1, 28000, 3200, true, 'TOPIK Level 3 or higher, academic transcripts, statement of purpose', 4.8, true, NOW()),
(2, 'Korea University', '고려대학교', 'Seoul', 1905, 'Private', 'https://www.korea.ac.kr', 'Korea University is one of the SKY universities (the most prestigious in Korea) and is well-known for its business and economics programs.', 3, 25000, 2800, true, 'TOPIK Level 3 or higher, academic transcripts, statement of purpose', 4.6, true, NOW()),
(3, 'Yonsei University', '연세대학교', 'Seoul', 1885, 'Private', 'https://www.yonsei.ac.kr', 'Yonsei University is one of the oldest and most prestigious universities in South Korea, known for its strong medical school.', 2, 26000, 3000, true, 'TOPIK Level 3 or higher, academic transcripts, statement of purpose', 4.7, true, NOW()),
(4, 'KAIST (Korea Advanced Institute of Science and Technology)', '한국과학기술원', 'Daejeon', 1971, 'Public', 'https://www.kaist.ac.kr', 'KAIST is the leading science and technology university in Korea, offering world-class education in engineering and sciences.', 4, 10000, 1200, true, 'TOPIK Level 3 or higher, strong background in STEM subjects', 4.9, true, NOW()),
(5, 'Busan National University', '부산대학교', 'Busan', 1946, 'Public', 'https://www.pusan.ac.kr', 'Busan National University is the top university in the Busan region, with strong programs in engineering and marine sciences.', 5, 22000, 2500, true, 'TOPIK Level 3 or higher, academic transcripts', 4.5, true, NOW()),
(6, 'Pohang University of Science and Technology', '포항공과대학교', 'Pohang', 1986, 'Private', 'https://www.postech.ac.kr', 'POSTECH is a leading research-oriented university focusing on science and engineering education.', 6, 8500, 900, true, 'TOPIK Level 3 or higher, strong background in sciences', 4.8, true, NOW()),
(7, 'Hanyang University', '한양대학교', 'Seoul', 1939, 'Private', 'https://www.hanyang.ac.kr', 'Hanyang University is known for its engineering programs and industry connections throughout Korea.', 7, 24000, 2400, true, 'TOPIK Level 3 or higher, academic transcripts, statement of purpose', 4.4, true, NOW()),
(8, 'Sungkyunkwan University', '성균관대학교', 'Seoul', 1398, 'Private', 'https://www.skku.edu', 'Sungkyunkwan University is the oldest university in Korea with a strong tradition of excellence in both humanities and sciences.', 8, 23000, 2300, true, 'TOPIK Level 3 or higher, academic transcripts, statement of purpose', 4.5, true, NOW()),
(9, 'Kyung Hee University', '경희대학교', 'Seoul', 1949, 'Private', 'https://www.khu.ac.kr', 'Kyung Hee University is known for its international outlook and strong programs in hospitality and tourism.', 9, 22000, 2200, true, 'TOPIK Level 2 or higher, academic transcripts, statement of purpose', 4.3, true, NOW()),
(10, 'Ewha Womans University', '이화여자대학교', 'Seoul', 1886, 'Private', 'https://www.ewha.ac.kr', 'Ewha Womans University is the largest women\'s university in the world with strong programs in arts and humanities.', 10, 18000, 1900, true, 'TOPIK Level 3 or higher, academic transcripts, statement of purpose', 4.4, true, NOW()),
(11, 'Sogang University', '서강대학교', 'Seoul', 1960, 'Private', 'https://www.sogang.ac.kr', 'Sogang University is renowned for its business administration and economics programs with strong industry connections.', 11, 15000, 1500, true, 'TOPIK Level 3 or higher, academic transcripts, statement of purpose', 4.3, true, NOW()),
(12, 'Inha University', '인하대학교', 'Incheon', 1954, 'Private', 'https://www.inha.ac.kr', 'Inha University is located near Incheon International Airport and is known for its aviation and engineering programs.', 12, 20000, 1800, true, 'TOPIK Level 2 or higher, academic transcripts', 4.0, true, NOW()),
(13, 'Chung-Ang University', '중앙대학교', 'Seoul', 1918, 'Private', 'https://www.cau.ac.kr', 'Chung-Ang University is well-known for its arts and media programs, especially film and theater.', 13, 19000, 1700, true, 'TOPIK Level 2 or higher, portfolio for arts programs', 4.2, true, NOW()),
(14, 'University of Ulsan', '울산대학교', 'Ulsan', 1970, 'Private', 'https://www.ulsan.ac.kr', 'University of Ulsan has strong connections with Hyundai Industries and offers excellent engineering programs.', 14, 17000, 1600, true, 'TOPIK Level 2 or higher, academic transcripts', 4.1, true, NOW()),
(15, 'Gyeongsang National University', '경상국립대학교', 'Jinju', 1948, 'Public', 'https://www.gnu.ac.kr', 'Gyeongsang National University is the largest university in South Gyeongsang Province with strong agriculture programs.', 15, 18000, 1700, true, 'TOPIK Level 2 or higher, academic transcripts', 4.0, true, NOW()),
(16, 'Hankuk University of Foreign Studies', '한국외국어대학교', 'Seoul', 1954, 'Private', 'https://www.hufs.ac.kr', 'HUFS is specialized in foreign language education and international studies, offering programs in over 45 languages.', 16, 16000, 1500, true, 'TOPIK Level 2 or higher, language proficiency tests', 4.2, true, NOW()),
(17, 'Ajou University', '아주대학교', 'Suwon', 1973, 'Private', 'https://www.ajou.ac.kr', 'Ajou University is known for its medical school and engineering programs in the Gyeonggi Province.', 17, 15000, 1400, true, 'TOPIK Level 3 or higher, academic transcripts', 4.1, true, NOW()),
(18, 'Chonnam National University', '전남대학교', 'Gwangju', 1952, 'Public', 'https://www.jnu.ac.kr', 'Chonnam National University is the flagship university in the Jeolla region with strong programs in agriculture and medicine.', 18, 20000, 1900, true, 'TOPIK Level 2 or higher, academic transcripts', 4.0, true, NOW()),
(19, 'Konkuk University', '건국대학교', 'Seoul', 1946, 'Private', 'https://www.konkuk.ac.kr', 'Konkuk University is known for its veterinary medicine and agriculture programs, with a beautiful campus in eastern Seoul.', 19, 17000, 1600, true, 'TOPIK Level 2 or higher, academic transcripts', 4.0, true, NOW()),
(20, 'Kookmin University', '국민대학교', 'Seoul', 1946, 'Private', 'https://www.kookmin.ac.kr', 'Kookmin University is known for its design and automotive engineering programs.', 20, 16000, 1500, true, 'TOPIK Level 2 or higher, portfolio for design programs', 3.9, true, NOW()),
(21, 'Jeju National University', '제주대학교', 'Jeju', 1952, 'Public', 'https://www.jejunu.ac.kr', 'Jeju National University specializes in tourism, hospitality, and subtropical agriculture on Jeju Island.', 21, 12000, 1200, true, 'TOPIK Level 2 or higher, academic transcripts', 3.8, true, NOW()),
(22, 'Dongduk Women\'s University', '동덕여자대학교', 'Seoul', 1950, 'Private', 'https://www.dongduk.ac.kr', 'Dongduk Women\'s University is known for its design, fashion, and performing arts programs.', 22, 10000, 1000, true, 'TOPIK Level 2 or higher, portfolio for arts programs', 3.9, true, NOW()),
(23, 'Sejong University', '세종대학교', 'Seoul', 1940, 'Private', 'https://www.sejong.ac.kr', 'Sejong University is known for its hospitality, tourism, and animation programs.', 23, 15000, 1400, true, 'TOPIK Level 2 or higher, academic transcripts', 3.8, true, NOW()),
(24, 'Dankook University', '단국대학교', 'Yongin', 1947, 'Private', 'https://www.dankook.ac.kr', 'Dankook University has campuses in both Yongin and Cheonan, with strong dental and film programs.', 24, 18000, 1700, true, 'TOPIK Level 2 or higher, academic transcripts', 3.9, true, NOW()),
(25, 'Kyungpook National University', '경북대학교', 'Daegu', 1946, 'Public', 'https://www.knu.ac.kr', 'Kyungpook National University is the leading university in the Daegu region with strong engineering and medical programs.', 25, 21000, 2000, true, 'TOPIK Level 2 or higher, academic transcripts', 4.1, true, NOW());

-- Insert university images
INSERT INTO university_images (id, university_id, image_url, display_order, created_at)
VALUES
(1, 1, 'https://en.snu.ac.kr/webdata/uploads/eng/image/2020/02/index-campas-img01.jpg', 1, NOW()),
(2, 1, 'https://english.seoul.go.kr/wp-content/uploads/2021/03/seoul-national-university-13.jpg', 2, NOW()),
(3, 2, 'https://www.novalandtours.com/images/Gyeonggi/Seoul/Seoul%20National%20University%20Gwanak%20Campus', 1, NOW()),
(4, 2, 'https://mcdonnell.wustl.edu/wp-content/uploads/2020/10/SNU.jpg', 2, NOW()),
(5, 3, 'https://t1.unipage.net/src/uni_75.jpeg', 1, NOW()),
(6, 3, 'https://i.ytimg.com/vi/qlym8AwYVq4/maxresdefault.jpg', 2, NOW()),
(7, 4, 'https://static.wixstatic.com/media/0505b9_04ed69a45009494ea29565dfddf4b9a9~mv2.jpg/v1/fill/w_640%2Ch_569%2Cal_c/0505b9_04ed69a45009494ea29565dfddf4b9a9~mv2.jpg', 1, NOW()),
(8, 5, 'https://en.snu.ac.kr/webdata/uploads/eng/image/2020/02/index-campas-img01.jpg', 1, NOW()),
(9, 6, 'https://en.snu.ac.kr/webdata/uploads/eng/image/2020/02/index-campas-img01.jpg', 1, NOW()),
(10, 7, 'https://en.snu.ac.kr/webdata/uploads/eng/image/2020/02/index-campas-img01.jpg', 1, NOW()),
(11, 8, 'https://en.snu.ac.kr/webdata/uploads/eng/image/2020/02/index-campas-img01.jpg', 1, NOW()),
(12, 9, 'https://en.snu.ac.kr/webdata/uploads/eng/image/2020/02/index-campas-img01.jpg', 1, NOW()),
(13, 10, 'https://english.seoul.go.kr/wp-content/uploads/2021/03/seoul-national-university-13.jpg', 1, NOW()),
(14, 11, 'https://english.seoul.go.kr/wp-content/uploads/2021/03/seoul-national-university-13.jpg', 1, NOW()),
(15, 12, 'https://english.seoul.go.kr/wp-content/uploads/2021/03/seoul-national-university-13.jpg', 1, NOW()),
(16, 13, 'https://english.seoul.go.kr/wp-content/uploads/2021/03/seoul-national-university-13.jpg', 1, NOW()),
(17, 14, 'https://www.novalandtours.com/images/Gyeonggi/Seoul/Seoul%20National%20University%20Gwanak%20Campus', 1, NOW()),
(18, 15, 'https://www.novalandtours.com/images/Gyeonggi/Seoul/Seoul%20National%20University%20Gwanak%20Campus', 1, NOW()),
(19, 16, 'https://www.novalandtours.com/images/Gyeonggi/Seoul/Seoul%20National%20University%20Gwanak%20Campus', 1, NOW()),
(20, 17, 'https://www.novalandtours.com/images/Gyeonggi/Seoul/Seoul%20National%20University%20Gwanak%20Campus', 1, NOW()),
(21, 18, 'https://mcdonnell.wustl.edu/wp-content/uploads/2020/10/SNU.jpg', 1, NOW()),
(22, 19, 'https://mcdonnell.wustl.edu/wp-content/uploads/2020/10/SNU.jpg', 1, NOW()),
(23, 20, 'https://mcdonnell.wustl.edu/wp-content/uploads/2020/10/SNU.jpg', 1, NOW()),
(24, 21, 'https://mcdonnell.wustl.edu/wp-content/uploads/2020/10/SNU.jpg', 1, NOW()),
(25, 22, 'https://t1.unipage.net/src/uni_75.jpeg', 1, NOW()),
(26, 23, 'https://t1.unipage.net/src/uni_75.jpeg', 1, NOW()),
(27, 24, 'https://t1.unipage.net/src/uni_75.jpeg', 1, NOW()),
(28, 25, 'https://t1.unipage.net/src/uni_75.jpeg', 1, NOW());
-- Insert university departments
INSERT INTO university_departments (id, university_id, name, created_at)
VALUES
(1, 1, 'Business Administration', NOW()),
(2, 1, 'Computer Science and Engineering', NOW()),
(3, 1, 'Medicine', NOW()),
(4, 2, 'Economics', NOW()),
(5, 2, 'International Studies', NOW()),
(6, 2, 'Engineering', NOW()),
(7, 3, 'Medicine', NOW()),
(8, 3, 'Business Administration', NOW()),
(9, 4, 'Electrical Engineering', NOW()),
(10, 4, 'Computer Science', NOW()),
(11, 5, 'Marine Sciences', NOW()),
(12, 5, 'Engineering', NOW()),
(13, 6, 'Materials Science and Engineering', NOW()),
(14, 6, 'Chemical Engineering', NOW()),
(15, 7, 'Mechanical Engineering', NOW()),
(16, 7, 'Architecture', NOW()),
(17, 8, 'Medicine', NOW()),
(18, 8, 'Law', NOW()),
(19, 9, 'Hotel Management', NOW()),
(20, 9, 'Global Communication', NOW()),
(21, 10, 'Women\'s Studies', NOW()),
(22, 10, 'Social Sciences', NOW()),
(23, 11, 'Business Administration', NOW()),
(24, 11, 'Communication', NOW()),
(25, 12, 'Aerospace Engineering', NOW()),
(26, 12, 'Logistics Management', NOW()),
(27, 13, 'Film and Theater', NOW()),
(28, 13, 'Photography', NOW()),
(29, 14, 'Automotive Engineering', NOW()),
(30, 14, 'Naval Architecture', NOW()),
(31, 15, 'Agriculture Sciences', NOW()),
(32, 15, 'Veterinary Medicine', NOW()),
(33, 16, 'Spanish Language and Literature', NOW()),
(34, 16, 'Russian Language and Literature', NOW()),
(35, 17, 'Medicine', NOW()),
(36, 17, 'Information Technology', NOW()),
(37, 18, 'Medicine', NOW()),
(38, 18, 'Agriculture', NOW()),
(39, 19, 'Veterinary Medicine', NOW()),
(40, 19, 'Animal Science', NOW()),
(41, 20, 'Automotive Design', NOW()),
(42, 20, 'Industrial Design', NOW()),
(43, 21, 'Tourism Management', NOW()),
(44, 21, 'Subtropical Agriculture', NOW()),
(45, 22, 'Fashion Design', NOW()),
(46, 22, 'Performing Arts', NOW()),
(47, 23, 'Animation', NOW()),
(48, 23, 'Hospitality Management', NOW()),
(49, 24, 'Dentistry', NOW()),
(50, 24, 'Film and Animation', NOW()),
(51, 25, 'Electronic Engineering', NOW()),
(52, 25, 'Medical Science', NOW());

-- Insert campus facilities
INSERT INTO campus_facilities (id, university_id, facility_name, created_at)
VALUES
(1, 1, 'Library', NOW()),
(2, 1, 'Swimming Pool', NOW()),
(3, 1, 'Student Center', NOW()),
(4, 2, 'Library', NOW()),
(5, 2, 'Gymnasium', NOW()),
(6, 2, 'Global Village', NOW()),
(7, 3, 'Library', NOW()),
(8, 3, 'Sports Complex', NOW()),
(9, 4, 'Research Labs', NOW()),
(10, 4, 'Innovation Center', NOW()),
(11, 5, 'Marine Research Center', NOW()),
(12, 5, 'Library', NOW()),
(13, 6, 'Advanced Research Center', NOW()),
(14, 6, 'Student Dormitory', NOW()),
(15, 7, 'Engineering Laboratory', NOW()),
(16, 7, 'Cultural Center', NOW()),
(17, 8, 'Medical Center', NOW()),
(18, 8, 'Law Library', NOW()),
(19, 9, 'Hotel Training Center', NOW()),
(20, 9, 'Global Village', NOW()),
(21, 10, 'Women\'s Leadership Center', NOW()),
(22, 10, 'Art Gallery', NOW()),
(23, 11, 'Business Incubator', NOW()),
(24, 11, 'Media Center', NOW()),
(25, 12, 'Flight Simulator Lab', NOW()),
(26, 12, 'Logistics Innovation Center', NOW()),
(27, 13, 'Film Studio', NOW()),
(28, 13, 'Theater Hall', NOW()),
(29, 14, 'Automotive Testing Facility', NOW()),
(30, 14, 'Shipbuilding Laboratory', NOW()),
(31, 15, 'Agricultural Research Farm', NOW()),
(32, 15, 'Veterinary Hospital', NOW()),
(33, 16, 'Language Resource Center', NOW()),
(34, 16, 'Global Conference Hall', NOW()),
(35, 17, 'University Hospital', NOW()),
(36, 17, 'IT Innovation Center', NOW()),
(37, 18, 'Medical Research Center', NOW()),
(38, 18, 'Agricultural Experiment Station', NOW()),
(39, 19, 'Animal Hospital', NOW()),
(40, 19, 'Ecological Park', NOW()),
(41, 20, 'Automotive Design Center', NOW()),
(42, 20, 'Industrial Design Workshop', NOW()),
(43, 21, 'Tourism Training Hotel', NOW()),
(44, 21, 'Subtropical Agriculture Research Center', NOW()),
(45, 22, 'Fashion Design Studio', NOW()),
(46, 22, 'Performance Hall', NOW()),
(47, 23, 'Animation Studio', NOW()),
(48, 23, 'Hospitality Training Center', NOW()),
(49, 24, 'Dental Hospital', NOW()),
(50, 24, 'Film Studio', NOW()),
(51, 25, 'Engineering Research Center', NOW()),
(52, 25, 'Medical Complex', NOW());

-- Insert tuition fees
INSERT INTO tuition_fees (id, university_id, undergraduate_humanities, undergraduate_science, undergraduate_arts, undergraduate_medicine, graduate_humanities, graduate_science, graduate_arts, graduate_medicine, currency, created_at)
VALUES
(1, 1, 4500000, 5300000, 6200000, 8500000, 5200000, 6100000, 7000000, 9500000, 'KRW', NOW()),
(2, 2, 4700000, 5500000, 6500000, 9000000, 5500000, 6300000, 7200000, 10000000, 'KRW', NOW()),
(3, 3, 4600000, 5400000, 6300000, 8700000, 5300000, 6200000, 7100000, 9700000, 'KRW', NOW()),
(4, 4, 4800000, 5600000, 6400000, NULL, 5400000, 6400000, 7300000, NULL, 'KRW', NOW()),
(5, 5, 4300000, 5100000, 6000000, 8200000, 5000000, 5900000, 6800000, 9200000, 'KRW', NOW()),
(6, 6, 4900000, 5800000, 6700000, NULL, 5600000, 6600000, 7400000, NULL, 'KRW', NOW()),
(7, 7, 4600000, 5400000, 6300000, 8600000, 5300000, 6200000, 7100000, 9600000, 'KRW', NOW()),
(8, 8, 4700000, 5500000, 6400000, 8800000, 5400000, 6300000, 7200000, 9800000, 'KRW', NOW()),
(9, 9, 4500000, 5300000, 6200000, 8400000, 5200000, 6100000, 7000000, 9400000, 'KRW', NOW()),
(10, 10, 4600000, 5400000, 6300000, 8600000, 5300000, 6200000, 7100000, 9600000, 'KRW', NOW()),
(11, 11, 4700000, 5500000, 6400000, 8700000, 5400000, 6300000, 7200000, 9700000, 'KRW', NOW()),
(12, 12, 4400000, 5200000, 6100000, 8300000, 5100000, 6000000, 6900000, 9300000, 'KRW', NOW()),
(13, 13, 4500000, 5300000, 6200000, 8400000, 5200000, 6100000, 7000000, 9400000, 'KRW', NOW()),
(14, 14, 4300000, 5100000, 6000000, 8200000, 5000000, 5900000, 6800000, 9200000, 'KRW', NOW()),
(15, 15, 4200000, 5000000, 5900000, 8100000, 4900000, 5800000, 6700000, 9100000, 'KRW', NOW()),
(16, 16, 4500000, 5300000, 6200000, NULL, 5200000, 6100000, 7000000, NULL, 'KRW', NOW()),
(17, 17, 4400000, 5200000, 6100000, 8300000, 5100000, 6000000, 6900000, 9300000, 'KRW', NOW()),
(18, 18, 4100000, 4900000, 5800000, 8000000, 4800000, 5700000, 6600000, 9000000, 'KRW', NOW()),
(19, 19, 4400000, 5200000, 6100000, 8300000, 5100000, 6000000, 6900000, 9300000, 'KRW', NOW()),
(20, 20, 4300000, 5100000, 6000000, NULL, 5000000, 5900000, 6800000, NULL, 'KRW', NOW()),
(21, 21, 4000000, 4800000, 5700000, 7900000, 4700000, 5600000, 6500000, 8900000, 'KRW', NOW()),
(22, 22, 4200000, 5000000, 5900000, NULL, 4900000, 5800000, 6700000, NULL, 'KRW', NOW()),
(23, 23, 4300000, 5100000, 6000000, NULL, 5000000, 5900000, 6800000, NULL, 'KRW', NOW()),
(24, 24, 4400000, 5200000, 6100000, 8300000, 5100000, 6000000, 6900000, 9300000, 'KRW', NOW()),
(25, 25, 4200000, 5000000, 5900000, 8100000, 4900000, 5800000, 6700000, 9100000, 'KRW', NOW());


-- Insert reviews
INSERT INTO reviews (id, university_id, author, rating, content, program_studied, year_of_study, is_international, ip_address, is_approved, created_at)
VALUES
(1, 1, 'John Smith', 5, 'Excellent university with great professors and facilities. I had an amazing time studying here.', 'Computer Science', '2020-2023', true, '192.168.1.1', true, NOW()),
(2, 1, 'Minho Kim', 4, 'Good academic environment but very competitive. Professors are knowledgeable but demanding.', 'Business Administration', '2019-2023', false, '192.168.1.2', true, NOW()),
(3, 2, 'Emma Johnson', 5, 'Korea University provides an excellent education with many opportunities for international students.', 'International Studies', '2021-2023', true, '192.168.1.3', true, NOW()),
(4, 3, 'Jihye Park', 4, 'Yonsei has a beautiful campus and good professors. The workload is heavy but worth it.', 'Medicine', '2018-2024', false, '192.168.1.4', true, NOW()),
(5, 4, 'David Wilson', 5, 'KAIST offers cutting-edge research opportunities and excellent facilities for tech enthusiasts.', 'Computer Science', '2020-2022', true, '192.168.1.5', true, NOW()),
(6, 6, 'Sarah Lee', 5, 'POSTECH offers an incredible research environment. The labs are state-of-the-art and the professors are leaders in their fields.', 'Materials Engineering', '2019-2023', true, '192.168.1.6', true, NOW()),
(7, 7, 'Jungkook Park', 4, 'Hanyang University has excellent engineering programs with strong industry connections. Many graduates find jobs at top Korean companies.', 'Mechanical Engineering', '2018-2022', false, '192.168.1.7', true, NOW()),
(8, 8, 'Maria Garcia', 5, 'SKKU combines tradition with innovation. The law program is rigorous but provides excellent career opportunities.', 'Law', '2020-2024', true, '192.168.1.8', true, NOW()),
(9, 9, 'Hyejin Cho', 4, 'Kyung Hee University\'s hospitality program is world-class. The practical training and internship opportunities are excellent.', 'Hotel Management', '2019-2023', false, '192.168.1.9', true, NOW()),
(10, 10, 'Lisa Brown', 5, 'Ewha provides a supportive environment for women to excel in academics and leadership. The campus is beautiful!', 'Women\'s Studies', '2020-2024', true, '192.168.1.10', true, NOW()),
(11, 11, 'Taewoo Kim', 4, 'Sogang University\'s business program is rigorous but prepares you well for the job market. Small class sizes allow for good interaction with professors.', 'Business Administration', '2018-2022', false, '192.168.1.11', true, NOW()),
(12, 12, 'Fatima Ahmed', 4, 'Inha\'s aerospace engineering program is one of the best in Korea. The university has good connections with airlines and aircraft manufacturers.', 'Aerospace Engineering', '2019-2023', true, '192.168.1.12', true, NOW()),
(13, 13, 'Minjun Lee', 5, 'Chung-Ang University\'s film program is outstanding. Many successful directors and actors graduated from here.', 'Film and Theater', '2017-2021', false, '192.168.1.13', true, NOW()),
(14, 14, 'Thomas Johnson', 4, 'The University of Ulsan\'s automotive engineering program has excellent facilities and strong ties with Hyundai Motors.', 'Automotive Engineering', '2019-2023', true, '192.168.1.14', true, NOW()),
(15, 15, 'Sooyoung Park', 4, 'GNU\'s agriculture program provides hands-on experience with modern farming techniques and research opportunities.', 'Agricultural Sciences', '2018-2022', false, '192.168.1.15', true, NOW()),
(16, 16, 'Carlos Rodriguez', 5, 'HUFS is the best place to learn languages in Korea. The Spanish department has native speakers and many cultural exchange opportunities.', 'Spanish Language', '2020-2024', true, '192.168.1.16', true, NOW()),
(17, 17, 'Eunji Kim', 4, 'Ajou\'s medical school is challenging but provides excellent clinical training at the university hospital.', 'Medicine', '2017-2023', false, '192.168.1.17', true, NOW()),
(18, 18, 'Michael Smith', 4, 'Chonnam National University has a strong medical program and good research facilities. The campus is large and beautiful.', 'Medicine', '2018-2024', true, '192.168.1.18', true, NOW()),
(19, 19, 'Jisoo Lee', 5, 'Konkuk\'s veterinary medicine program is outstanding. The animal hospital provides excellent practical training.', 'Veterinary Medicine', '2017-2023', false, '192.168.1.19', true, NOW()),
(20, 20, 'Daniel Wilson', 4, 'Kookmin\'s automotive design program collaborates with major car companies. The design studios are well-equipped.', 'Automotive Design', '2019-2023', true, '192.168.1.20', true, NOW()),
(21, 21, 'Yeji Park', 4, 'Jeju National University\'s tourism program takes advantage of the island\'s unique environment and tourism industry.', 'Tourism Management', '2018-2022', false, '192.168.1.21', true, NOW()),
(22, 22, 'Olivia Johnson', 5, 'Dongduk\'s fashion design program is very creative and industry-focused. The annual fashion show is a great opportunity to showcase work.', 'Fashion Design', '2019-2023', true, '192.168.1.22', true, NOW()),
(23, 23, 'Minho Choi', 4, 'Sejong University\'s animation program has good equipment and industry connections. Many graduates work at top animation studios.', 'Animation', '2018-2022', false, '192.168.1.23', true, NOW()),
(24, 24, 'Emma Wilson', 4, 'Dankook\'s dentistry program is challenging but comprehensive. The dental hospital provides excellent clinical experience.', 'Dentistry', '2017-2023', true, '192.168.1.24', true, NOW()),
(25, 25, 'Jaehyun Park', 5, 'KNU\'s electronic engineering program has excellent labs and research opportunities. Professors are knowledgeable and helpful.', 'Electronic Engineering', '2018-2022', false, '192.168.1.25', true, NOW());


-- Insert review pros
INSERT INTO review_pros (id, review_id, content, created_at)
VALUES
(1, 1, 'Great facilities', NOW()),
(2, 1, 'Excellent professors', NOW()),
(3, 2, 'Strong alumni network', NOW()),
(4, 2, 'Good job prospects', NOW()),
(5, 3, 'International environment', NOW()),
(6, 3, 'Helpful student services', NOW()),
(7, 4, 'Top medical program', NOW()),
(8, 5, 'Cutting-edge research', NOW()),
(9, 5, 'Industry connections', NOW()),
(10, 6, 'Cutting-edge research facilities', NOW()),
(11, 6, 'World-class professors', NOW()),
(12, 7, 'Strong industry connections', NOW()),
(13, 7, 'Practical engineering education', NOW()),
(14, 8, 'Rich tradition and history', NOW()),
(15, 8, 'Strong alumni network in legal field', NOW()),
(16, 9, 'Practical training opportunities', NOW()),
(17, 9, 'International exposure', NOW()),
(18, 10, 'Supportive environment for women', NOW()),
(19, 10, 'Beautiful campus', NOW()),
(20, 11, 'Small class sizes', NOW()),
(21, 11, 'Strong business curriculum', NOW()),
(22, 12, 'Specialized aerospace facilities', NOW()),
(23, 12, 'Industry partnerships', NOW()),
(24, 13, 'Industry-standard film equipment', NOW()),
(25, 13, 'Connections to entertainment industry', NOW()),
(26, 14, 'Hyundai Motors partnership', NOW()),
(27, 14, 'Modern automotive labs', NOW()),
(28, 15, 'Hands-on agricultural experience', NOW()),
(29, 15, 'Research opportunities', NOW()),
(30, 16, 'Native-speaking professors', NOW()),
(31, 16, 'Cultural exchange programs', NOW()),
(32, 17, 'Modern university hospital', NOW()),
(33, 17, 'Clinical training opportunities', NOW()),
(34, 18, 'Strong research focus', NOW()),
(35, 18, 'Beautiful large campus', NOW()),
(36, 19, 'Excellent animal hospital', NOW()),
(37, 19, 'Hands-on veterinary training', NOW()),
(38, 20, 'Industry collaborations', NOW()),
(39, 20, 'Well-equipped design studios', NOW()),
(40, 21, 'Unique island environment', NOW()),
(41, 21, 'Tourism industry connections', NOW()),
(42, 22, 'Creative curriculum', NOW()),
(43, 22, 'Annual fashion show', NOW()),
(44, 23, 'Modern animation equipment', NOW()),
(45, 23, 'Industry connections', NOW()),
(46, 24, 'Comprehensive dental training', NOW()),
(47, 24, 'Modern dental hospital', NOW()),
(48, 25, 'Excellent engineering labs', NOW()),
(49, 25, 'Research opportunities', NOW());

-- Insert review cons
INSERT INTO review_cons (id, review_id, content, created_at)
VALUES
(1, 1, 'Expensive tuition', NOW()),
(2, 1, 'Competitive admission', NOW()),
(3, 2, 'High stress environment', NOW()),
(4, 3, 'Expensive housing nearby', NOW()),
(5, 4, 'Heavy workload', NOW()),
(6, 5, 'Limited humanities courses', NOW()),
(7, 6, 'Highly competitive environment', NOW()),
(8, 6, 'Remote location from Seoul', NOW()),
(9, 7, 'Large class sizes for some courses', NOW()),
(10, 7, 'Heavy workload', NOW()),
(11, 8, 'Conservative academic environment', NOW()),
(12, 8, 'High tuition fees', NOW()),
(13, 9, 'Limited research opportunities', NOW()),
(14, 9, 'Crowded campus', NOW()),
(15, 10, 'Limited engineering programs', NOW()),
(16, 10, 'Less interaction with male students', NOW()),
(17, 11, 'Small campus size', NOW()),
(18, 11, 'Limited dormitory space', NOW()),
(19, 12, 'Difficult commute from Seoul', NOW()),
(20, 12, 'Industrial area surroundings', NOW()),
(21, 13, 'High competition in arts programs', NOW()),
(21, 13, 'High competition in arts programs', NOW()),
(22, 13, 'Limited funding for student projects', NOW()),
(23, 14, 'Industrial surroundings', NOW()),
(24, 14, 'Limited cultural activities', NOW()),
(25, 15, 'Remote location', NOW()),
(26, 15, 'Limited international faculty', NOW()),
(27, 16, 'Limited science programs', NOW()),
(28, 16, 'Crowded campus', NOW()),
(29, 17, 'High medical school tuition', NOW()),
(30, 17, 'Competitive environment', NOW()),
(31, 18, 'Far from Seoul', NOW()),
(32, 18, 'Limited international atmosphere', NOW()),
(33, 19, 'Heavy course load', NOW()),
(34, 19, 'Limited social activities', NOW()),
(35, 20, 'Narrow focus on automotive', NOW()),
(36, 20, 'Limited humanities courses', NOW()),
(37, 21, 'Island location limits opportunities', NOW()),
(38, 21, 'Seasonal tourism fluctuations', NOW()),
(39, 22, 'Limited career paths outside fashion', NOW()),
(40, 22, 'Small campus', NOW()),
(41, 23, 'High competition for jobs', NOW()),
(42, 23, 'Limited academic resources', NOW()),
(43, 24, 'Multiple campus locations', NOW()),
(44, 24, 'Long commute between campuses', NOW()),
(45, 25, 'Cold winter climate', NOW()),
(46, 25, 'Limited entertainment options', NOW());

-- Update average ratings
UPDATE universities u
SET average_rating = (SELECT AVG(r.rating) FROM reviews r WHERE r.university_id = u.id AND r.is_approved = true)
WHERE id IN (SELECT DISTINCT university_id FROM reviews);